epoch,train_loss,test_loss
1,7108.279191,1747.341432
2,766.035971,496.508241
3,260.275425,164.151891
4,164.976175,168.878427
5,156.487242,135.805461
